[{"name":"VNairlines","trangthai":"0","time1":"06:30 ","Origin":"SGN","time2":"08:30 ","Destination":"HAN","type_journey":"Business Flex","cost":"4600000","codes_flight":"VN 224","crypt":"VNA#o0OYHQd78va8HtxSn4Hm8\/z\/hnMksRDygYCBEixkybOiYcBgKxp4KFhAE6dHA1IyctFWBOTqa4obFyFmUXgwQJtMo59R\/utP0YPYSOz+cZ+knsLOya2mgLt1wdEJnVjX"},{"name":"VNairlines","trangthai":"0","time1":"06:30 ","Origin":"SGN","time2":"08:30 ","Destination":"HAN","type_journey":"Business Standard","cost":"4000000","codes_flight":"VN 224","crypt":"VNA#gM02PWqGZO6B56UOD8lGfNmtDEZtGmH5rcSks7p3saV0XPUAZpFD01iN9To1wrJwfW6qOFciaNLfY3AhWQsVGDqq7yvQaYY812UdZnmzjGiYtiguA3b4svzWzjh2j8X6"},{"name":"VNairlines","trangthai":"0","time1":"06:30 ","Origin":"SGN","time2":"08:30 ","Destination":"HAN","type_journey":"Economy Flex  ","cost":"2670000","codes_flight":"VN 224","crypt":"VNA#7fSaiD7Y3uq\/LaBtsUvgxifyIhveaxsti01wETZpVM4q8lW30g\/75D1mCE8UgrXhB5\/V2xZ50KOVFCwRm2\/KO\/i1FWSjQbWwq1\/X+woGY\/pIqc\/MJmI5CNE2aKLONKs\/"},{"name":"VNairlines","trangthai":"0","time1":"06:30 ","Origin":"SGN","time2":"08:30 ","Destination":"HAN","type_journey":"Economy Standard  ","cost":"2250000","codes_flight":"VN 224","crypt":"VNA#gHBn5aEiNO7DzrNA7Y5tc0iZcFHPMPRf5hdLKfNRbHvSZ+I3fthRG0dqcYSaEfgtawMuNTqsn1t0u\/6IIKXV674Es6RNqs0TpKg\/3VePomJuPQerQ9CbMGkvXKa4MvKA"},{"name":"VNairlines","trangthai":"0","time1":"06:30 ","Origin":"SGN","time2":"08:30 ","Destination":"HAN","type_journey":"Economy Save  ","cost":"1550000","codes_flight":"VN 224","crypt":"VNA#XLtmBkEY7YPdezvZvrG2TFwQRP8PCYwB1V1N81KI5hrVgBiaDJaUhYiFG5HO5WbZwf6Ny4\/rUizfHSjxNcc\/\/ggCXARrr4ggyFfYuOIF1Qgsg+Cqy9KOXuLX64j0qdkb"},{"name":"VNairlines","trangthai":"0","time1":"07:10 ","Origin":"SGN","time2":"09:10 ","Destination":"HAN","type_journey":"Business Flex","cost":"4600000","codes_flight":"VN 232","crypt":"VNA#NrWw+1j1\/c9le7\/WS4DbwWiujJF3So50U6UOWXo\/W7lzWXHf3LbgUZSCmdlVY0ZeL2jpZOwI\/3oypDuwir1OkjdayQHuwrqFslqR2OS4s3k0txg2YD\/L+\/5Xmlqx3mrt"},{"name":"VNairlines","trangthai":"0","time1":"07:10 ","Origin":"SGN","time2":"09:10 ","Destination":"HAN","type_journey":"Business Standard","cost":"4000000","codes_flight":"VN 232","crypt":"VNA#Jr2NqQU6hDXNc+jziMuvQDNbNVo2Gf7otQbZ+tMgdPM9cUX\/yjvY8eSGrRi8syQmRzPMArk\/6Oj6wUk+s\/Fmz5VtIaFCgLhfiKp5FcV6yoJa5ffwW2G+IqfckiKiTXb0"},{"name":"VNairlines","trangthai":"0","time1":"07:10 ","Origin":"SGN","time2":"09:10 ","Destination":"HAN","type_journey":"Economy Flex  ","cost":"2670000","codes_flight":"VN 232","crypt":"VNA#rayHHAGcERS2ey8nvcHohWgmK77QGWM4XJd\/zjGHVhi4DMYlI\/K65oJIHsk2K6hSHCnHO54DmAUIUQJdRflMsMFfrmB0uTh5PgssWFQ8MKpDIlFVkZ9snirbwvsudPXq"},{"name":"VNairlines","trangthai":"0","time1":"07:10 ","Origin":"SGN","time2":"09:10 ","Destination":"HAN","type_journey":"Economy Standard  ","cost":"2250000","codes_flight":"VN 232","crypt":"VNA#Oz53WpEVyeaN72CRp15zJJBUMYRH5APKsPQOgljqcTL4TK9fthQGXJ3YfO0GqT8IuxJWlTfReFlIuVBBD3liVcJ5+6giu0Gen12lOn70XAp4Uepni7\/7DKKCjSnE5Ha1"},{"name":"VNairlines","trangthai":"0","time1":"07:10 ","Origin":"SGN","time2":"09:10 ","Destination":"HAN","type_journey":"Economy Save  ","cost":"1800000","codes_flight":"VN 232","crypt":"VNA#5i7iUXhH5aK3BnrzRIeCIT2B1AMnxwIxbjEWQZwBHs\/6MhZKergc0WW94s+IFTTjkhsBmGc514UfhAfAZwzePu9rtTXm\/u2WnaOdhsgAn\/FPaVeXArZZPOmIVzXjl8xR"},{"name":"VNairlines","trangthai":"0","time1":"09:20 ","Origin":"SGN","time2":"11:20 ","Destination":"HAN","type_journey":"Business Flex","cost":"4600000","codes_flight":"VN 234","crypt":"VNA#GzQuz9kfaiZWsYAmBCvjD0bpWqrwVXEIL7tth7tm0wjU8YJcuK3kWwq0zJuPucQH98u3N7btRRKK4THlbpCn2cj4ORGDIw0Y3Uv7z\/RlP5yTfkQE8N5pDvx0ygNZhyzx"},{"name":"VNairlines","trangthai":"0","time1":"09:20 ","Origin":"SGN","time2":"11:20 ","Destination":"HAN","type_journey":"Business Standard","cost":"4000000","codes_flight":"VN 234","crypt":"VNA#\/peJvcKcW4V2iLpy+qpLjan1ArCJCiAxZc\/FlfgXoPm7WgTtOVUw+Qt0hU86S\/m9B3Uose9cqfEdyRjHwZR9zgH+3kO4SeqJBgoWTmBnNm3jtoIrzpLT8sljRthHxvGy"},{"name":"VNairlines","trangthai":"0","time1":"09:20 ","Origin":"SGN","time2":"11:20 ","Destination":"HAN","type_journey":"Economy Flex  ","cost":"2670000","codes_flight":"VN 234","crypt":"VNA#Ce9IRTFpcDRI2pe09FNjB\/\/txoYSjrdclTthB9r8keYt\/Ks8zo9w+2oaaVq9rW2Yo\/PnpOT9ZsQbD9E6WkorrkKve3h+EDRj14xeaKr9BenQDyBxvwgJHN24cS0x+6CP"},{"name":"VNairlines","trangthai":"0","time1":"09:20 ","Origin":"SGN","time2":"11:20 ","Destination":"HAN","type_journey":"Economy Standard  ","cost":"2250000","codes_flight":"VN 234","crypt":"VNA#CWihTcXjzlpAt7nCrE2ugtoI4pzUopyo6xVaLvdG9knOb5qLP7l4sooF6ZgGaEK6Xf\/cgx9jj97TY5KeQgPo2BJ+6M6oxRQVgel0teTCD63Tyn3sv2qA8EHhtwe8FaF7"},{"name":"VNairlines","trangthai":"0","time1":"09:20 ","Origin":"SGN","time2":"11:20 ","Destination":"HAN","type_journey":"Economy Save  ","cost":"2000000","codes_flight":"VN 234","crypt":"VNA#+mEzDJxbps4brPJS\/hQlbEjb197EFE27TnVCIbCCe1XLDjwFdLCtlGYHHafWeGgYJPV\/jpfy1\/sDtiBj063\/h\/x21CAgunHY8b6urEeTVjCLDJrzACrncDx2Ha3vx8yl"},{"name":"VNairlines","trangthai":"0","time1":"10:10 ","Origin":"SGN","time2":"12:10 ","Destination":"HAN","type_journey":"Business Flex","cost":"4600000","codes_flight":"VN 226","crypt":"VNA#CrQcyXq30fgcZpJFnOJek0Yj9VE9e2G3gHV5H0lQIJOoYTBgn70iQ43ognc2pz6WY6aMq2XMImBOyTVE7c2k1lFU5WGj2w+LGk30oqd8eKMWGUidL7lvECQSWQIYOev3"},{"name":"VNairlines","trangthai":"0","time1":"10:10 ","Origin":"SGN","time2":"12:10 ","Destination":"HAN","type_journey":"Business Standard","cost":"4000000","codes_flight":"VN 226","crypt":"VNA#S2DZXxZW6S6z+yQkquib4gSIu9HF+X\/sO\/L6C9Hc9zPfnn2+iy0cwoJ42ZDm\/DsLWVhVSEmqXpJsx6NNtve4W1qMNBNozPhaqb0ZFkWxT45Atj1rWewqsXOqtueTHMEM"},{"name":"VNairlines","trangthai":"0","time1":"10:10 ","Origin":"SGN","time2":"12:10 ","Destination":"HAN","type_journey":"Economy Flex  ","cost":"2670000","codes_flight":"VN 226","crypt":"VNA#IUfaFcW7Puic0WNP78bKL45HMb144dLT24Cu8U0QHj2RE9gR0vz7SbDtR5wNhhe6EMCXiL8+xOE7QN\/cqTaajIkGU5HwrwW4R3dc\/CDIrQDKLAdswOENcRFO1CezdSek"},{"name":"VNairlines","trangthai":"0","time1":"10:10 ","Origin":"SGN","time2":"12:10 ","Destination":"HAN","type_journey":"Economy Standard  ","cost":"2250000","codes_flight":"VN 226","crypt":"VNA#ZhfZGrqbszbhwC8Dy9Q47W8Ds4XUlSGtDIpmVSAhbyYvFkAt+9K\/3Zo2a0jQF\/SJRKQai4YPh4W32e5DuBFR+sBuG6HNzfKc3yD\/H6YXiU9bM5JkkyDABnNu\/IcpJo58"},{"name":"VNairlines","trangthai":"0","time1":"10:10 ","Origin":"SGN","time2":"12:10 ","Destination":"HAN","type_journey":"Economy Save  ","cost":"2000000","codes_flight":"VN 226","crypt":"VNA#D2yUUqmZjeCszmNSDK0+FUIeiwrrxmrxJMDqoM0FL+\/rpLdQQDVajn3RtUoe8Ll+SHwxVJrztJC7HMxZzcPWhdofTur1Sl+V\/vwzyCD3yF13gz2Am\/yP8l3xjMA3jB\/B"},{"name":"VNairlines","trangthai":"0","time1":"10:20 ","Origin":"SGN","time2":"12:20 ","Destination":"HAN","type_journey":"Business Flex","cost":"4600000","codes_flight":"VN 236","crypt":"VNA#B9TYuHnMs5vZk1OzFWUd6HM2EOMltg7FVAvmKj7g5qgfP3Zgxpxgl2t1ruxH6N4bcCh\/RnqHQKnBPaNR8PcyENnQ6Kit\/scTzE8Z3KOU2435zsgJ2iHlO8y+ds9Syw4K"},{"name":"VNairlines","trangthai":"0","time1":"10:20 ","Origin":"SGN","time2":"12:20 ","Destination":"HAN","type_journey":"Business Standard","cost":"4000000","codes_flight":"VN 236","crypt":"VNA#IfBrPQjLm2lQlpghb7qDdfQjLEFNJazD2fCERLpOUHLPaVRuj7fEf\/vncktZMFCx7VVrefOAmO5aInf5xEU\/TrgQp8nz8CrBzF6ok9Vo1YzfnXplA+0TWqtO0wtKJvWM"},{"name":"VNairlines","trangthai":"0","time1":"10:20 ","Origin":"SGN","time2":"12:20 ","Destination":"HAN","type_journey":"Economy Flex  ","cost":"2670000","codes_flight":"VN 236","crypt":"VNA#BXRFsN0CpqVffpY6KypRADwEaU0v+5xM\/hcQsqmqFvuf\/CeRtOiAMIy3GH\/yqu1Z9X8SpxsuKcSA\/6l3MJbTAwBRf9FIhwwDIq1XIenGvn900jhrMS9bDtrapSd9jIm+"},{"name":"VNairlines","trangthai":"0","time1":"10:20 ","Origin":"SGN","time2":"12:20 ","Destination":"HAN","type_journey":"Economy Standard  ","cost":"2250000","codes_flight":"VN 236","crypt":"VNA#hzt3dvlJ8Z8IR0eI+jcV1JfvIuWuLIItcIdaT\/WtklsRPHc7A8NdeYI2\/Xjd\/HqbXGp8fpLx1HEcuPYXOFPTsg1X2kvvVf9qldb\/N42HtHqePSqZ6H6jFlXLEHcXmcJ6"},{"name":"VNairlines","trangthai":"0","time1":"10:20 ","Origin":"SGN","time2":"12:20 ","Destination":"HAN","type_journey":"Economy Save  ","cost":"2000000","codes_flight":"VN 236","crypt":"VNA#SlIhLd9n24zO8uVFSw2UaWMI51KIuAcFVdI26F4HSXFuN1L5ziESlfk4+Kt+r\/PPanPkdARcT2WerUZjHNDIQBmkDr4i6ooZWFcUzhqwbZIrcXOCg6bVQyRXOLbHj1y8"},{"name":"VNairlines","trangthai":"0","time1":"11:30 ","Origin":"SGN","time2":"13:30 ","Destination":"HAN","type_journey":"Business Flex","cost":"4600000","codes_flight":"VN 240","crypt":"VNA#nmGGRp7iQoSifSD2D3SBCb2M8cLBfVNYttR5CEe4radVnO8jCOjm7F0P\/0KycWaW59Y430SfK96RrzBSZESDpxsgp9qiM+nT3uZiZ6s493xIyJOzq7LMe0YJvhxqvpcU"},{"name":"VNairlines","trangthai":"0","time1":"11:30 ","Origin":"SGN","time2":"13:30 ","Destination":"HAN","type_journey":"Business Standard","cost":"4000000","codes_flight":"VN 240","crypt":"VNA#GeKLk8ASFlde0qpWoV+S90Zu9cL4Vx7JjU\/JR9dves1q2LyV9UVGjt6yb7oeLSo+fitPWbmicwmAGfMbRZRt2c9jEhSl\/hEdsTxTb2wyEVFRQHB2NP2ZBEbdqGSanCyh"},{"name":"VNairlines","trangthai":"0","time1":"11:30 ","Origin":"SGN","time2":"13:30 ","Destination":"HAN","type_journey":"Economy Flex  ","cost":"2670000","codes_flight":"VN 240","crypt":"VNA#MBsN4avv6YHIio1y1Dw2Xtle\/+vAeZtTXzOl5p8r9y9A4\/DiKtswLIs+f0XgbzXiuWxh5dAEq\/3daC3moPZ4M8X3DRZKei+uBK31bZ3SnmqzLmls8DuHTnY1PCBuEa71"},{"name":"VNairlines","trangthai":"0","time1":"11:30 ","Origin":"SGN","time2":"13:30 ","Destination":"HAN","type_journey":"Economy Standard  ","cost":"2250000","codes_flight":"VN 240","crypt":"VNA#MuvWTPbMlyKXkuszJ9t2tSFtwnrtxjCKnbbuS5wl9Z62nOmocjJ1Q8pnqPTpaLjPxVKeFLqXtev5e1IKuKUufnA\/A2xPmVi78NwezOkqMvH7DBkHPUBhAl9XdR\/O9Cnm"},{"name":"VNairlines","trangthai":"0","time1":"11:30 ","Origin":"SGN","time2":"13:30 ","Destination":"HAN","type_journey":"Economy Save  ","cost":"2000000","codes_flight":"VN 240","crypt":"VNA#nPF9YhO4kxJZB6ZVlxTDu28zYV1Arw10YclMsPzLA+ErAGVqTIeAkU3RRjkV9ByNTEd5033P\/gJ0eguAGsAE982D4Jqr8EaJxUrJQh1V9u2iP\/7LAqNg3zcUm76UPvaS"},{"name":"VNairlines","trangthai":"0","time1":"12:30 ","Origin":"SGN","time2":"14:30 ","Destination":"HAN","type_journey":"Business Flex","cost":"4600000","codes_flight":"VN 244","crypt":"VNA#0XT0haa8FqhJ6nVzNkf0lA+EgJt2rEhUGl3aRcnSXquX0JieY1ENzl8\/3kqh1G3WSZVgIB\/kHwYkCi165Pln2acBnEy24S4IMkzhI0lofu+zINwEg0CFi8Pjpnbx0h\/y"},{"name":"VNairlines","trangthai":"0","time1":"12:30 ","Origin":"SGN","time2":"14:30 ","Destination":"HAN","type_journey":"Business Standard","cost":"4000000","codes_flight":"VN 244","crypt":"VNA#rYyMg5Lj+1hKKaSwZ85ub\/99XIi4rCfkSz0TLkSunj+vNrHSn0LcmWpju8Bd0q42Q4zSKwyaN+D0dXVVIHbGq1HpG7HFhi0pCSghAVo9CLrxX52hhdUcgM7MbV60rQcP"},{"name":"VNairlines","trangthai":"0","time1":"12:30 ","Origin":"SGN","time2":"14:30 ","Destination":"HAN","type_journey":"Economy Flex  ","cost":"2670000","codes_flight":"VN 244","crypt":"VNA#HydiulkxKatjfxgpA4g3lURej6l6vzcstBCiAi2\/u09vb79CRRm+P9Xi5S9E9S6JrXYTlV1FI2enrGtuHLqy9zyZr9iGCwD6WL2CuSjFsy5ymzqzwoNR8xzSmww+EAac"},{"name":"VNairlines","trangthai":"0","time1":"12:30 ","Origin":"SGN","time2":"14:30 ","Destination":"HAN","type_journey":"Economy Standard  ","cost":"2250000","codes_flight":"VN 244","crypt":"VNA#j+jOo1lkl82QK2CET+3GcLvjEIfmhMyYPwKyvRLsUOTbRqZXBGc4tGzoMiEgWESCWat2DPsJuTVzPIld5lbblTst\/9hzufptdMOzt9J1vZsYy4Snrmypx3yuYH1O9Xp5"},{"name":"VNairlines","trangthai":"0","time1":"13:00 ","Origin":"SGN","time2":"15:00 ","Destination":"HAN","type_journey":"Business Flex","cost":"4600000","codes_flight":"VN 238","crypt":"VNA#wzKAY\/YdT8vemzjMIWz3xHI3ZcagQsN3gp8KMpEIDYv5u1MzgCw8rnOzgleJzyTUVrIic1CHZnBg2j2kxfHm6QwLWMeBWLFrWokGj2pYqLF4z2RI8KxAx0JymyTMFqa3"},{"name":"VNairlines","trangthai":"0","time1":"13:00 ","Origin":"SGN","time2":"15:00 ","Destination":"HAN","type_journey":"Business Standard","cost":"4000000","codes_flight":"VN 238","crypt":"VNA#o8A4Pjvhssd1jZ6bGdUGkhpbig2o6sczq1SmR\/\/M+U8xWqpvOYGDfaxgwl79N+D62zu9uZ80U2CINm+M4nz7SV2UBsIu4GIx3imieEgmtLVkYjqZhx0nQDUPxCr2\/m5A"},{"name":"VNairlines","trangthai":"0","time1":"13:00 ","Origin":"SGN","time2":"15:00 ","Destination":"HAN","type_journey":"Economy Flex  ","cost":"2670000","codes_flight":"VN 238","crypt":"VNA#W9y0lkQXdeDWZ\/RqEKwHbMXusO\/mAKSyPKL\/y2rsaL8UkQ6pRtIvDLbLZKkWnCqy6DI2S2O9Dx659MSE2BpYKwWjAUJIk2bCcuGq3lmbyY4e9oYGcFZ2u0ICsYuHOsxD"},{"name":"VNairlines","trangthai":"0","time1":"13:00 ","Origin":"SGN","time2":"15:00 ","Destination":"HAN","type_journey":"Economy Standard  ","cost":"2250000","codes_flight":"VN 238","crypt":"VNA#8TbyEf7AlgLLZCS4fuy09KKvwK29bH1Kg9i2xtZoRxn5dBxZclr7YJzYJJT5\/iJKREWhIlVUEbFchbRDEhXpHNeflfa7lOr3gT2NnpiKCOg02+ILJcCqqQdsA2uQTTxt"},{"name":"VNairlines","trangthai":"0","time1":"13:00 ","Origin":"SGN","time2":"15:00 ","Destination":"HAN","type_journey":"Economy Save  ","cost":"1800000","codes_flight":"VN 238","crypt":"VNA#cKu1C3hhFZuSF9UIkZoQcsPxXB1X\/zSN3Q3ELCiBwc40mOK166k4KWNDLGS70shwMQc7v\/L762GlpPMavcg4xrvmVCSqpCY\/VKVpDXf0vR7MwjfH8xsyIwwGRekp1duI"},{"name":"VNairlines","trangthai":"0","time1":"13:55 ","Origin":"SGN","time2":"15:55 ","Destination":"HAN","type_journey":"Business Flex","cost":"4600000","codes_flight":"VN 248","crypt":"VNA#gduW46cyRLI\/Hmxqw\/S83mwgJrDku8zuP\/8rDbTyFsuIzz5PveC+RV4CV1yYdAj9yLbf5FVCqSbGgWGNly9uIOfyyTdzLbsOI1wZUBS6Y61L4KF17KuUlKYankSwJd81"},{"name":"VNairlines","trangthai":"0","time1":"13:55 ","Origin":"SGN","time2":"15:55 ","Destination":"HAN","type_journey":"Business Standard","cost":"4000000","codes_flight":"VN 248","crypt":"VNA#yUgR233Aco5fPjbl5ddS\/4ox+u\/klRMGbSESxpsizoKFRZxuyvEN9dKRkcpbLJuFIFoulLvJvM+0dZg7h+z73jMKITJ\/HmUXKt9UCPZKDoHMzfhZydeYkFIa606GdfEZ"},{"name":"VNairlines","trangthai":"0","time1":"13:55 ","Origin":"SGN","time2":"15:55 ","Destination":"HAN","type_journey":"Economy Flex  ","cost":"2670000","codes_flight":"VN 248","crypt":"VNA#FNbtQ29DuemWWam9VFjtQ+Og3MOKaByzXxEFGIVmngZe5BfK4+l7Xp2gyxD4RUfXcQKwhJU3G+dKGTGueyfGDHbwbMfX\/tRpDDgqwUWF1B8lcYnilVD7cyRzRraqeCls"},{"name":"VNairlines","trangthai":"0","time1":"13:55 ","Origin":"SGN","time2":"15:55 ","Destination":"HAN","type_journey":"Economy Standard  ","cost":"2250000","codes_flight":"VN 248","crypt":"VNA#UO42lQk3IF1NbPqft0Fo0SpV2kROWL9b6+M6wMyFCcPV62LR6Y4lXkCEWFK5ufF\/yWwULPkLDrrwaZbnPZgQc2Ti7bxnuQacM9rMEZlqmqBh+P\/+obnM7AJbroTXmfK+"},{"name":"VNairlines","trangthai":"0","time1":"14:40 ","Origin":"SGN","time2":"16:40 ","Destination":"HAN","type_journey":"Business Flex","cost":"4600000","codes_flight":"VN 254","crypt":"VNA#LjQxpIIe9PzS7rpLNZgiv7OPeKgK6WEAXn7KIbblj7RbL1Hm6VyEpx8xS3hTRikQ1DYMvuRwjljOd4WBJoZrq0Mx6\/xKACS0OgrxcJ6SPKceeLAC\/53svK1TUqvuLia+"},{"name":"VNairlines","trangthai":"0","time1":"14:40 ","Origin":"SGN","time2":"16:40 ","Destination":"HAN","type_journey":"Business Standard","cost":"4000000","codes_flight":"VN 254","crypt":"VNA#TAkcoHya2dMWCOMa5p1K2bgztQVUHdIooGy3rKDv+P8vx1iZIevGEUdpSsSS3Dor0iJVjDhxextZCR+ViKla+1ZKLqdQUP4shi4Kc4ELBn66OIE1N1fanXOuUgbf7R8N"},{"name":"VNairlines","trangthai":"0","time1":"14:40 ","Origin":"SGN","time2":"16:40 ","Destination":"HAN","type_journey":"Economy Flex  ","cost":"2670000","codes_flight":"VN 254","crypt":"VNA#ok1ZkiokWtjRlJNbsd179TwobOCzWsieH9efESKsgvslkp\/\/pkCiYP3EJHyW9AEmYvY1fRVa6ye\/B7WCcabdMI8Mk8vgd1gB4e4xrHoyhy+oand+5HNpKt0PLn42yKAk"},{"name":"VNairlines","trangthai":"0","time1":"14:40 ","Origin":"SGN","time2":"16:40 ","Destination":"HAN","type_journey":"Economy Standard  ","cost":"2250000","codes_flight":"VN 254","crypt":"VNA#rPbeFq9P0HrTMDLLPW7kdH3ntPPwbs+UqebIAsuBqtNDLrt+84jEiHF3vXDIey9p1ltif5XCKs4SJSIqyfvwDcHLLg7z0wACJw4+QOfNkf9pANckGXMe\/BILcZN6S2G6"},{"name":"VNairlines","trangthai":"0","time1":"14:40 ","Origin":"SGN","time2":"16:40 ","Destination":"HAN","type_journey":"Economy Save  ","cost":"1800000","codes_flight":"VN 254","crypt":"VNA#iMrfqPAxdPfvHe\/pfk9cBkc8+L1GrzCItypqyFIDozMIGmaB+pP8O4L0TMbXk9grpNO51iao7YOcM1D0it+6rWrUWjW0TOaEfvhlwdEHxFOXGz83WiFu6SAau\/JMtUTe"},{"name":"VNairlines","trangthai":"0","time1":"15:30 ","Origin":"SGN","time2":"17:30 ","Destination":"HAN","type_journey":"Business Flex","cost":"4600000","codes_flight":"VN 250","crypt":"VNA#Wkn0Zm61zRoVHY7Hx8PJYK9o9nv9F+dgnGOVwiP9nghn9wWaYd7hDsI8guXSQNZxq3YTT+LxHXUoDXUuCpVqG2UalKrgOo6zFx5sbyVlCS2KmxsW\/poiSUVFKJfSX\/Gy"},{"name":"VNairlines","trangthai":"0","time1":"15:30 ","Origin":"SGN","time2":"17:30 ","Destination":"HAN","type_journey":"Business Standard","cost":"4000000","codes_flight":"VN 250","crypt":"VNA#GzqEfoZcg+TI7PLVHNpbbjIL0gCbTPwvC6udMYQA905mI8MoS7mDEH73GRG6TYOkovfuxzBE2Nw5llotRKevUr1Sr7Q8jA7W++N\/APHjdmY6SgyDIVYoEL+WwoEG6xQt"},{"name":"VNairlines","trangthai":"0","time1":"15:30 ","Origin":"SGN","time2":"17:30 ","Destination":"HAN","type_journey":"Economy Flex  ","cost":"2670000","codes_flight":"VN 250","crypt":"VNA#QEzjNXKX69plNJgQqG9jLf9p12sOifn1tHZW2qp\/YKJg6P+buMRQMsH+WXcWA6ajtqXJ9VVCUHUj7CmrnVJgvweVurfa+33Tj9PY8eAOqLM6vqk7mOZPUDnAKVTfsEgf"},{"name":"VNairlines","trangthai":"0","time1":"15:30 ","Origin":"SGN","time2":"17:30 ","Destination":"HAN","type_journey":"Economy Standard  ","cost":"2250000","codes_flight":"VN 250","crypt":"VNA#rFlwubzAfLRL1KWEXsGOD+1vzghEQMBEEb7iIdkNu+jeBP\/D7gcquuxXRbSwFz6FTuSYU0Bv2GivxhRIJDa0X18U5pXgXq9qdMMJ0tJOHepqlucyjOnRj\/XH396M4+w3"},{"name":"VNairlines","trangthai":"0","time1":"15:30 ","Origin":"SGN","time2":"17:30 ","Destination":"HAN","type_journey":"Economy Save  ","cost":"1800000","codes_flight":"VN 250","crypt":"VNA#xNSI7OPvFrRPehrgRsPU\/QS3kYb2JuGjq3QwyYGC4KwzrKQjVqw7JYycvb3ApPl9yVtvOLxTiXGXfuv75K6U1eA7ECnVLLvl9WdTHIFuqHnQZWxOp3hlt\/xdPfPAmeAl"},{"name":"VNairlines","trangthai":"0","time1":"17:30 ","Origin":"SGN","time2":"19:30 ","Destination":"HAN","type_journey":"Business Flex","cost":"4600000","codes_flight":"VN 264","crypt":"VNA#4kX3RLPufte3ot6k5204rg\/XmCuNtagu080h6fCa5T8Ggx\/OcniyizEPZxzqXouMt5JhBFfOTzW1RHyR0yA03\/T2NO4xjMO9dkkxqCe6M+\/iSDITxS03eaIIEquZO9a7"},{"name":"VNairlines","trangthai":"0","time1":"17:30 ","Origin":"SGN","time2":"19:30 ","Destination":"HAN","type_journey":"Business Standard","cost":"4000000","codes_flight":"VN 264","crypt":"VNA#1gCwEsvoEcGejQUdwO81HuSPPlM1zonOotB\/X2x8WD\/yCh2tfbSHllwM+XWaQBQxE2uwYhbnVfJ2vdRVSmb7RQc231eM2cgRhIQFZ2xrN\/zAXdcVXHkLyJLI3kdfxcSj"},{"name":"VNairlines","trangthai":"0","time1":"17:30 ","Origin":"SGN","time2":"19:30 ","Destination":"HAN","type_journey":"Economy Flex  ","cost":"2670000","codes_flight":"VN 264","crypt":"VNA#qHc71V5BndgHPT9U\/UpV4v+c7+8NrV4Fs6xN7\/YFPkxhD11xM\/6vmCFvM4sgXttTaLCYL+0hfkHmc+doAHtEMhIwwmBH8tT8F070crLT\/se5YmjPW9TcyCRKArrTURzG"},{"name":"VNairlines","trangthai":"0","time1":"17:30 ","Origin":"SGN","time2":"19:30 ","Destination":"HAN","type_journey":"Economy Standard  ","cost":"2250000","codes_flight":"VN 264","crypt":"VNA#mQVdfuq\/B0UcZYmvr+ILlvC2xtsupdIpH1wFzaady2hK6zLxy5+bb8JdLiGTededrELX5KOj\/FBdPmjx6zo5us3s9vmIFXTM7pfADHrIPRj2We6EPBi6in+s9dhnFoQ2"},{"name":"VNairlines","trangthai":"0","time1":"18:00 ","Origin":"SGN","time2":"20:00 ","Destination":"HAN","type_journey":"Business Flex","cost":"4600000","codes_flight":"VN 276","crypt":"VNA#5N\/5nmjpe7nYdChgxeexyzyFkmKl6vOjm+7RI8NFMXTOU+YwuYpPBEFwMNfzakzyUAeQpc1xb3d54ikgy82IUot3+lYRdOmkJeRhNflk7NADVoRyCfeuqj+NfC0Rae2m"},{"name":"VNairlines","trangthai":"0","time1":"18:00 ","Origin":"SGN","time2":"20:00 ","Destination":"HAN","type_journey":"Business Standard","cost":"4000000","codes_flight":"VN 276","crypt":"VNA#ft83\/4QmPMT6wme5NdvGOXZ\/rh7sC2pnktDlr0vndlhF9o1QFbTrK+E\/aJhaB9bjAcik1Xv9mGfE1XUrmTF98mvEBl3v2QPsl1lR9eWWk+p+uPeZhULmCVds03u4G2ta"},{"name":"VNairlines","trangthai":"0","time1":"18:00 ","Origin":"SGN","time2":"20:00 ","Destination":"HAN","type_journey":"Economy Flex  ","cost":"2670000","codes_flight":"VN 276","crypt":"VNA#jpuFuU\/xgmn0mQsz46I519xlzizATjOrherPXtuRVkmF\/O3oPR+0Q6qU3fiQ6\/d79bjYZz+qnu2YpZzqVcVbO0U31tbdHffbCptH\/5jmB+lkoZXXbn1XOwRMMLOx4qMX"},{"name":"VNairlines","trangthai":"0","time1":"18:00 ","Origin":"SGN","time2":"20:00 ","Destination":"HAN","type_journey":"Economy Standard  ","cost":"2250000","codes_flight":"VN 276","crypt":"VNA#TcYotbekLq6663H318Y39Q2rwY83QULZPOEQnBaAAyryQXvHiZ+7YrEP4Iyt4OuGBj8VEITBmEtFPGfqdOy+RookVBncUIP6wSDbsVOaqc14c+XrqbJUFOgihTFbN5UH"},{"name":"VNairlines","trangthai":"0","time1":"18:00 ","Origin":"SGN","time2":"20:00 ","Destination":"HAN","type_journey":"Economy Save  ","cost":"1800000","codes_flight":"VN 276","crypt":"VNA#Q7W8hc8qGfPdOb9i+8f+0L\/ryjCuoxU1kK3\/9anYP+tGBZCSMRr\/ejYxqO9R3ctosTXW9CiYXbr0JVBCv5LzL0i0PVR+K+ny0TR3sYrSy1zmwH+HcecspqT4T+ZV4MWX"},{"name":"VNairlines","trangthai":"0","time1":"18:30 ","Origin":"SGN","time2":"20:30 ","Destination":"HAN","type_journey":"Business Flex","cost":"4600000","codes_flight":"VN 266","crypt":"VNA#koTjv0g7k1ny8q4blsAyHtgEzRPFPjPVrcvghEmFjVS+BT1NNysxXjb2zza6Dd2zbdJPtAYL4pJ2GasmykjrhFeTJD2WYsh8M9UNOfMkpY4GjVjnrgiq4Bxh9gIZhbAD"},{"name":"VNairlines","trangthai":"0","time1":"18:30 ","Origin":"SGN","time2":"20:30 ","Destination":"HAN","type_journey":"Business Standard","cost":"4000000","codes_flight":"VN 266","crypt":"VNA#j8D+eWSx+TE5D5sHDylhD9cbvMoOnDTJy\/++CoyD2ax7LENXr0bYuz6FCzm4bQJRGOr25pZppl2E9EdGAGULdzEuDZvmqzG++0rKhvpZjEb3pzyZkkT7fRjvYAROXBa\/"},{"name":"VNairlines","trangthai":"0","time1":"18:30 ","Origin":"SGN","time2":"20:30 ","Destination":"HAN","type_journey":"Economy Flex  ","cost":"2670000","codes_flight":"VN 266","crypt":"VNA#cNWJmcAVe1Tbf4rAZqHh5QJtOCttT0GnUvvDrYpvsLahOsr6yoGyihAmt0KJEN0u8KRGB+DbyFUCiHHO56SZVB2i6VOzeBSeoyhvyrKjt2fG1BiFJgpzL6qvKOF9VS75"},{"name":"VNairlines","trangthai":"0","time1":"18:30 ","Origin":"SGN","time2":"20:30 ","Destination":"HAN","type_journey":"Economy Standard  ","cost":"2250000","codes_flight":"VN 266","crypt":"VNA#gluaTp+xhhMTL61UBTU\/FbvjCV6rV4rhY46C8fZqHFJhTRgyLwzghHYJ3JslWnCR7I34qpizNQCPmGQFFBd046+2qcqQEVIZhEwMSiGqK3p+PDafcC7c4yoHgiFmmKow"},{"name":"VNairlines","trangthai":"0","time1":"18:30 ","Origin":"SGN","time2":"20:30 ","Destination":"HAN","type_journey":"Economy Save  ","cost":"1800000","codes_flight":"VN 266","crypt":"VNA#YJZ98emif8h4nqAn0NeKlrgXLVg5ZRWDZ\/i\/Hgf9BjmtypGtygtXJB+Uc4ahe55GBEy1wYkxYVe8Yyc4hVEz2XIxDCStWAZ\/hglf2pDQWTJqkUhTyfz4jbLtDFefQfLH"},{"name":"VNairlines","trangthai":"0","time1":"19:05 ","Origin":"SGN","time2":"21:05 ","Destination":"HAN","type_journey":"Business Flex","cost":"4600000","codes_flight":"VN 278","crypt":"VNA#RFv3Qrb+eoHuZG4bdaEYNLk85VrQQzyI9WLHT\/JlKc7h40Iy0lSIXL0zonN5l6IBJMzOIrxwgIU7l6cOifHu4Vd8nRZdzfi3Dgcm5MJf6e7Cx0aeHuvjLltorTxi\/7+k"},{"name":"VNairlines","trangthai":"0","time1":"19:05 ","Origin":"SGN","time2":"21:05 ","Destination":"HAN","type_journey":"Economy Flex  ","cost":"2670000","codes_flight":"VN 278","crypt":"VNA#X35R8lnlnxwEFdwLRLFbzlMqer9QI8WfOgxPikZuBJTqZCXJbeSUSV+TPxUp5Lfkj80D+DcZnlCld3Ybj94ugKfTQcjPGmwTUVsu3bJICAmQyPKYJ+PlcCjnX1QNlsqj"},{"name":"VNairlines","trangthai":"0","time1":"19:05 ","Origin":"SGN","time2":"21:05 ","Destination":"HAN","type_journey":"Economy Standard  ","cost":"2250000","codes_flight":"VN 278","crypt":"VNA#D2jwEl8SvRKjzitsxkXTz2i4oVR6RjUy\/L9fiP9owahTJ2qfhMp8o+t4Tk\/8OLN5+Fc95KMKTWd0jBl+Md48DKhc0nLYlEI5gO9Lp7uiE5LlwaRGXwurS+sRpwIqDmV4"},{"name":"VNairlines","trangthai":"0","time1":"19:05 ","Origin":"SGN","time2":"21:05 ","Destination":"HAN","type_journey":"Economy Save  ","cost":"1550000","codes_flight":"VN 278","crypt":"VNA#lWSvc8CIPOgTuVLCYUcs1QHEZ1SQFUsYv8fWHifukCwEQ79d1IEp\/rH91sv2qSuXOqO2hVZiTyAFESR9\/OeAIR\/UJvOujIdChY+ZjLh2OSbKjYOkgQI8J5MsGYrzAcZL"},{"name":"VNairlines","trangthai":"0","time1":"19:20 ","Origin":"SGN","time2":"21:20 ","Destination":"HAN","type_journey":"Business Flex","cost":"4600000","codes_flight":"VN 268","crypt":"VNA#otmuMKq6Kb0OwPFmo1pS8YYR3pDAWEiC5YPmGEuARRMsfEb6JZTwjPCT3xXH8PAYEVB5Ydw1uhOLAH5gUWJgVeZR5AJtUfO9F2oMXVYR+Ud8Fxf3DoZVT3LMoDXoLnqm"},{"name":"VNairlines","trangthai":"0","time1":"19:20 ","Origin":"SGN","time2":"21:20 ","Destination":"HAN","type_journey":"Business Standard","cost":"4000000","codes_flight":"VN 268","crypt":"VNA#I2OpzbT+NoEu3JLISovuT5AkrwqpzMr4WGpilL2m3oAnZPl9DB9lcoUmTs7If\/02\/\/ukqWnt9vLEBL2p4J0RG3VVrTzXEuLVL2SYDdeMCEW9gQRhK5BoUJxANA8d6\/IE"},{"name":"VNairlines","trangthai":"0","time1":"19:20 ","Origin":"SGN","time2":"21:20 ","Destination":"HAN","type_journey":"Economy Flex  ","cost":"2670000","codes_flight":"VN 268","crypt":"VNA#udmgZFRJ0mjRfSrCW5U6+tNHHlQjvbmPDRcjXUKqTWreDOzRDXUi2SmguD+CWPGqQTkkzlJHCZ9qNvwEOAmS9vOdyCYvkMTPSuGtCOHrI\/nPdXuoDbDwoSfTngV4RI9d"},{"name":"VNairlines","trangthai":"0","time1":"19:20 ","Origin":"SGN","time2":"21:20 ","Destination":"HAN","type_journey":"Economy Standard  ","cost":"2250000","codes_flight":"VN 268","crypt":"VNA#UgdEU7fxrRPH6Hs0V2uMJvsd\/E+HU6bZTDCWNGxcXNH6MWe3UiDILgrY6xFb+B7re9u1v4iVHPyHeHgOwAIlMW4yK6PgKMJCN8HLc34HD40waC9ODRSfx1364AmGG5Hd"},{"name":"VNairlines","trangthai":"0","time1":"19:20 ","Origin":"SGN","time2":"21:20 ","Destination":"HAN","type_journey":"Economy Save  ","cost":"1800000","codes_flight":"VN 268","crypt":"VNA#mXcZXjc9LtHteo5UHHVFt3spJlJMnhTn2rH69rC89QVdUTtXh7Dw18Fmnsc61ZcrVHQNkvHQR7xXxJ1Cz\/0wADOZLZizNVwBhs3OkxrM9CZ3sTHBtuUtALhlDF5yuGHH"},{"name":"VNairlines","trangthai":"0","time1":"20:20 ","Origin":"SGN","time2":"22:20 ","Destination":"HAN","type_journey":"Business Flex","cost":"4600000","codes_flight":"VN 270","crypt":"VNA#JqOhaBtbBFvCGK9e9x\/+gXo+hA24f\/RAORpWIpIV2NCzs25cRo1hmxdiMk+YWp\/rh0lkG69N6LlhjbqDu9kwIYkCRqIRa4+qvyHsDtCQDTJYlPw1vrMIh4lw6jhBOIOS"},{"name":"VNairlines","trangthai":"0","time1":"20:20 ","Origin":"SGN","time2":"22:20 ","Destination":"HAN","type_journey":"Business Standard","cost":"4000000","codes_flight":"VN 270","crypt":"VNA#d7V6b+h9czXbo8nk9y2SyOLOSPTGMAc2+nE+WRYr7FWZj66uJRdDvai50JIU0fy3HJ\/Jhy\/1KvSsBOFIhxua0sMXB0btX9lf5quLj9AvdBJjhoSj\/rI7SnWxbIGwcDK\/"},{"name":"VNairlines","trangthai":"0","time1":"20:20 ","Origin":"SGN","time2":"22:20 ","Destination":"HAN","type_journey":"Economy Flex  ","cost":"2670000","codes_flight":"VN 270","crypt":"VNA#dtkfJSWtfgF1OG63R2wctN\/0WGARCXYOjlP5iVsSVse9dnw6mUuA++3VEWYkm5zt1YLtcVbEfqui7dUci72zPb4TtJaWP+ULVdZlOhXyhlqf9aeV1MI7x9STCTREW\/av"},{"name":"VNairlines","trangthai":"0","time1":"20:20 ","Origin":"SGN","time2":"22:20 ","Destination":"HAN","type_journey":"Economy Standard  ","cost":"2250000","codes_flight":"VN 270","crypt":"VNA#SRIAO1oZw0xKcN+xSkWNWqBd20ZexPIUKBajlq59vJuSfrzskEBrDsKBWY7\/kKxwJC0CRS3X8R+uH6q62hqwwPBxEOpT9MsPsKXzB88ASUunZ1LF2E3k3WJFrmf4w27f"},{"name":"VNairlines","trangthai":"0","time1":"20:20 ","Origin":"SGN","time2":"22:20 ","Destination":"HAN","type_journey":"Economy Save  ","cost":"1800000","codes_flight":"VN 270","crypt":"VNA#tnfNKu5wFsZ\/0+KZKNXjf5QFHlvzSSqZoFzLX897rvNQxUJhkxuuje4lCSg1KZ4SaaREBjG5VJuoJxYYMKGAsuEcesoZVz327JdV6FEgEWMz9\/9FfIXumh0Cp9RL+MJJ"},{"name":"VNairlines","trangthai":"1","time1":"06:00 ","Origin":"HAN","time2":"08:00 ","Destination":"SGN","type_journey":"Business Flex","cost":"4600000","codes_flight":"VN 223","crypt":"VNA#cbKIc\/nf5nlfmshImv4TIVsVPH52CdwQz+UzJNchCxq2X\/ywRlZbB8keD2L\/MhndtVWzDLPEhmWo\/WiY0Tw6\/1i52MGef8cn\/tCfub3jUkKVnlm0OdoW9CxFSZg0hGNR"},{"name":"VNairlines","trangthai":"1","time1":"06:00 ","Origin":"HAN","time2":"08:00 ","Destination":"SGN","type_journey":"Economy Flex  ","cost":"2670000","codes_flight":"VN 223","crypt":"VNA#iFibOpBH8lX7mcNAjJhIlyuyTYa7RTLrvdFOE9xp9D6maZrkq4eroekgBOHRJ92n0DD52tCiLkrQatRTA2pZdbH46hqNEXxEVeErZZ+6S8k5WvUlnw5q0chJWzI\/IVDE"},{"name":"VNairlines","trangthai":"1","time1":"06:00 ","Origin":"HAN","time2":"08:00 ","Destination":"SGN","type_journey":"Economy Standard  ","cost":"2250000","codes_flight":"VN 223","crypt":"VNA#A\/Mi99dVNGLwHAzIST6322akfp\/YeuYP4Xu6PEQWhoRhXIgl35zhLNcq0wkhDAYSkhUeIM2FHwPLH\/sd96Advp7KOuCnk6fF\/gHbVQibbWR4tbuzE80l4I0X6aCPpseK"},{"name":"VNairlines","trangthai":"1","time1":"06:00 ","Origin":"HAN","time2":"08:00 ","Destination":"SGN","type_journey":"Economy Save  ","cost":"2000000","codes_flight":"VN 223","crypt":"VNA#j8dX8rmG6CTnR3wSCavIrBd7vAFsJv9c4pCmQRvo3JX\/UTZi\/B9Vu4AxaogCf2wJrspX0RJrDHLKwuJ7iYndPOwiySrfV8gx6JypWKNXicnYJpJldSwWDhrSwBw2wWtn"},{"name":"VNairlines","trangthai":"1","time1":"07:10 ","Origin":"HAN","time2":"09:10 ","Destination":"SGN","type_journey":"Business Flex","cost":"4600000","codes_flight":"VN 227","crypt":"VNA#yTLvJlC23xMSBxkKDoJVvCsGE6vs0XGkopxdAQ59+CS9bU9\/Z4IuNYajJazJHLxqaNy5HDCAf0vxGEr1DX+pNPTVYqCLE097ArIIy3gTxaY5dcmKf0pdzuuybl1Zl27W"},{"name":"VNairlines","trangthai":"1","time1":"07:10 ","Origin":"HAN","time2":"09:10 ","Destination":"SGN","type_journey":"Business Standard","cost":"4000000","codes_flight":"VN 227","crypt":"VNA#5gHL6MMFg1PqFAf\/nuBvmhUKeESYcy0mfbeF4Ge\/mSUC3N5WKbBhFt6AyTTucYRzskBwLaeHyqKyHcw64u9CEDwDag73nTfmLHabzEL0dtkHz396+\/FxmPrlp0ir3vW5"},{"name":"VNairlines","trangthai":"1","time1":"07:10 ","Origin":"HAN","time2":"09:10 ","Destination":"SGN","type_journey":"Economy Flex  ","cost":"2670000","codes_flight":"VN 227","crypt":"VNA#b9G7qFloUfJrwEaO3REPFRku5SgovxwVtjiAd5OTYESeK0Tqupm6iok6JXV2xBuXWSoGzSVNpRv9h5ESR3TwAVFmbekYc+KchHP\/VTkNox9MXYhQjkxjCoWVreaVS1e4"},{"name":"VNairlines","trangthai":"1","time1":"07:10 ","Origin":"HAN","time2":"09:10 ","Destination":"SGN","type_journey":"Economy Standard  ","cost":"2250000","codes_flight":"VN 227","crypt":"VNA#syDmjTXyka59LiazF2HJwOPmXphhh3Rm33cpy2gYpQCl0j\/SgWpJNDafKAnz2j6fcVUTmeV07gVTl+UgacndBPTtbDcEsuynasA5id6V+3hmMkN07YcHMyT\/krNz\/V6G"},{"name":"VNairlines","trangthai":"1","time1":"07:10 ","Origin":"HAN","time2":"09:10 ","Destination":"SGN","type_journey":"Economy Save  ","cost":"1800000","codes_flight":"VN 227","crypt":"VNA#E4imcYhTvenRZunKj\/9jcUoir3mH6Ch44E9mdwMJYJARCLlDMJjQ4vh26YPZUeBi\/gA2Gw+Gdmrk3vvS0VIwikkocIQUsr8qp++QZl02lJQvm6rTsd2E6kCBpiXXUHhz"},{"name":"VNairlines","trangthai":"1","time1":"08:30 ","Origin":"HAN","time2":"10:30 ","Destination":"SGN","type_journey":"Business Flex","cost":"4600000","codes_flight":"VN 231","crypt":"VNA#Bg3SJDdk2wfy4yNoIxkMyE07sX3nIiryXG\/1BMtgYnRHkjT6EGkp3G3ANVivkuq4WQCGAsjCyhtuHB1CzxpNV5TeEdkXCHxeXKtO4kLslZZF0olnLxt92n994B7\/k0jP"},{"name":"VNairlines","trangthai":"1","time1":"08:30 ","Origin":"HAN","time2":"10:30 ","Destination":"SGN","type_journey":"Business Standard","cost":"4000000","codes_flight":"VN 231","crypt":"VNA#Tdyvtjq5A0mYhjnjv6bP8IMCOeZTId4oBAcehhEs\/uU1xbMmONhxBUJEQu\/IBHdJ4lEDDbbZtOsI6TKTW1oKTx1GNN0dPEPTYg97QoxFxg+dBGMYo\/Mw9ltUfz9LM4cL"},{"name":"VNairlines","trangthai":"1","time1":"08:30 ","Origin":"HAN","time2":"10:30 ","Destination":"SGN","type_journey":"Economy Flex  ","cost":"2670000","codes_flight":"VN 231","crypt":"VNA#CGsWVUrMvsfSCgWhj6PGFA2uLzw9sbZUGZveD+Df8yonNfHxDyOJ3UTbmBa9MGBVENBJfZ9vwRLIrtY3SYYldSwY8jgNbyUu9dkIFZFgVQ7ltfDTQd8ymHRRlI7OLu\/B"},{"name":"VNairlines","trangthai":"1","time1":"08:30 ","Origin":"HAN","time2":"10:30 ","Destination":"SGN","type_journey":"Economy Standard  ","cost":"2250000","codes_flight":"VN 231","crypt":"VNA#8Qg6yYbswzgmeqeTFG6K2bJsI8VjuiPk\/f9LVSSHsIk7EggoYtQItb3tWDNRsFG+VSk1W64DWoU8xk7h6PWf2rsZ5ESgUFXCk7jDjth4KMOVIH6zYpj7jH9h8\/H1Js8U"},{"name":"VNairlines","trangthai":"1","time1":"08:30 ","Origin":"HAN","time2":"10:30 ","Destination":"SGN","type_journey":"Economy Save  ","cost":"2000000","codes_flight":"VN 231","crypt":"VNA#\/9D8AVIUKggJs4mJjF\/MpwwbBPyNGF8VJdzm\/5iQY0MpOy+rMr0hK1eocNkxt1gSPbXQfw0SVMQWLEHcxNBcXqFuyYechXKybgS+OW0IENKMEnQTbLd3gBgWTNiilMqV"},{"name":"VNairlines","trangthai":"1","time1":"09:30 ","Origin":"HAN","time2":"11:30 ","Destination":"SGN","type_journey":"Business Flex","cost":"4600000","codes_flight":"VN 233","crypt":"VNA#aEcpzAzBHKZ27Yy2t0UlicXAsvf90iPild2R2CcM8eOBkPIMaJ5deaMNE\/cGMNHZa6za+iO8vLHxL7zOPasUUskwbJSIqxSuxYRavbMmX6dBTdPFEIiEj9va5ifh6UEB"},{"name":"VNairlines","trangthai":"1","time1":"09:30 ","Origin":"HAN","time2":"11:30 ","Destination":"SGN","type_journey":"Business Standard","cost":"4000000","codes_flight":"VN 233","crypt":"VNA#Rp0yM4uUajzaAD50hAZrkyvS+EyRtPmP4T1DePOL3OoVcaT5O+3BTPPR5Uf2UUvGdYgpJQ0Jqm0TCrwocNdNHtD1yg+H9YC5+BUkrr\/e2QaVjuz0ZqR8lHk+dGccvQFb"},{"name":"VNairlines","trangthai":"1","time1":"09:30 ","Origin":"HAN","time2":"11:30 ","Destination":"SGN","type_journey":"Economy Flex  ","cost":"2670000","codes_flight":"VN 233","crypt":"VNA#vf92H9ub5Oc5Yw8ocZHIRYT6YdFOaa\/NGgC9QppEdLfh7psPLQ1MGaUVoZYZr1LLblGDKiJ\/bJxx5yoLkO6SspI\/4nsf2QxIQ6OQ1ZQ9P7Gri7XBi2I2AHpaLUkFDjwL"},{"name":"VNairlines","trangthai":"1","time1":"09:30 ","Origin":"HAN","time2":"11:30 ","Destination":"SGN","type_journey":"Economy Standard  ","cost":"2250000","codes_flight":"VN 233","crypt":"VNA#XfKe1W\/jNwhkKomJXfhd99Ej\/pgDl0x0C70jVCeZc7KAb9f3w0ZJ54FAelETXc4lsSbEFltkMXZB0pNcOFkyc63cEvAE4mP\/n02H6Bxrpp9bMdXJWfNDTPx7bYpHnIF\/"},{"name":"VNairlines","trangthai":"1","time1":"09:30 ","Origin":"HAN","time2":"11:30 ","Destination":"SGN","type_journey":"Economy Save  ","cost":"2000000","codes_flight":"VN 233","crypt":"VNA#jYZ6sshXnLPa+xbu4TYTSAs4CXxprks2\/fSlbJqyHrXFLAZHQ+U1M78WxCXQ9hHm2VgsFGpw4AIL7HRnltrDPEuFoR2QTHume2lykEuxDPzmltQg1MY8H+\/Hrq0Vj21K"},{"name":"VNairlines","trangthai":"1","time1":"10:00 ","Origin":"HAN","time2":"12:00 ","Destination":"SGN","type_journey":"Business Flex","cost":"4600000","codes_flight":"VN 237","crypt":"VNA#UTJ92sI09sr7FDhrpRLmywfXHGk3zQ6gSRU9\/utOrFr\/xpS7QfsfAUl+fJ+yRyF3RQIgNxhQg9UFTXO65yVpNmRBY7Ggewc2NKw8MdtrxkQGacgzz0kdc1dFrWqkAPJn"},{"name":"VNairlines","trangthai":"1","time1":"10:00 ","Origin":"HAN","time2":"12:00 ","Destination":"SGN","type_journey":"Business Standard","cost":"4000000","codes_flight":"VN 237","crypt":"VNA#qyru2qO8e\/8u1C3GW2+xlLwBoHtcOnwm1ySnkhT4BZKFw+AOZbjBG7eragd1ldpsshhL\/XRbmCll+bR9bjnCXOu\/3\/n+f57sAuBYR8DwjluoeDkw4f1WQ6OK972+7y6g"},{"name":"VNairlines","trangthai":"1","time1":"10:00 ","Origin":"HAN","time2":"12:00 ","Destination":"SGN","type_journey":"Economy Flex  ","cost":"2670000","codes_flight":"VN 237","crypt":"VNA#d5CPYdTt9Siei\/TDGczUhgvapFczcmsv7rt4jX8weGYVJenggu7w81OPVycNo+ZEkSlTbtcFidNWxJ3MeID9dT3x9WPf4oVmMUUNsdnynyldZ0FZUCN7hglxr3p3Qe8y"},{"name":"VNairlines","trangthai":"1","time1":"10:00 ","Origin":"HAN","time2":"12:00 ","Destination":"SGN","type_journey":"Economy Standard  ","cost":"2250000","codes_flight":"VN 237","crypt":"VNA#4lZR9+sl4i0nJgIoSnl5L\/qGAdHAr+BTudfHw8mbf1faU8IE01zMJYdg12NPWmu95PMXV4bGcAN2BPVlGEnZbn4Gxe8r86mTFDo7zIRugHtV9KZYgpPxSMyzWDgTPEnJ"},{"name":"VNairlines","trangthai":"1","time1":"10:00 ","Origin":"HAN","time2":"12:00 ","Destination":"SGN","type_journey":"Economy Save  ","cost":"2000000","codes_flight":"VN 237","crypt":"VNA#BymJIqCeqjRAWdPexzsGjBnchb2qyLDVpudAIsmMhYaytsG9fpeUlrn0vLAbTlrwdeXlpJxXXYEKwF3jHhbrLomj2U\/WLu4B0MCkkmbjx9s3z77EZyZZT0dgqT6Erk0H"},{"name":"VNairlines","trangthai":"1","time1":"10:55 ","Origin":"HAN","time2":"12:55 ","Destination":"SGN","type_journey":"Business Flex","cost":"4600000","codes_flight":"VN 7237","crypt":"VNA#WIhkxTzk\/xiXlZtVOR9oDCehc9DcJpF++Vo8oUJ5w8cn9u9mWgqn7ITFRo5XAneUUh5SmN2J4XBkO2ztjxty+e0Q5NvyaLSV3f1C6ZPk\/iWY52hzdYGNNCtGQdmhk75e"},{"name":"VNairlines","trangthai":"1","time1":"10:55 ","Origin":"HAN","time2":"12:55 ","Destination":"SGN","type_journey":"Business Standard","cost":"4000000","codes_flight":"VN 7237","crypt":"VNA#FGU+oM7EoX\/IZ+Q+1k3NfyicMbgmGn1mmnLlBMrztE72tTF1pmGQyDShy+crvoBgrwJq5bpoQ7Ou+mfRGaowpiIMuuxH3luFoMgKGLroQcfUytW1h5VvrAu6UGhm+7Di"},{"name":"VNairlines","trangthai":"1","time1":"10:55 ","Origin":"HAN","time2":"12:55 ","Destination":"SGN","type_journey":"Economy Flex  ","cost":"2670000","codes_flight":"VN 7237","crypt":"VNA#OCxoR+AcKiqgUIp6oZQI2ZsjeCJEQ0gImHmHhh3VYDR8t3zbvUxkl7eEntDfGQUK3fU3QUmuJNDtlQgf5RsZKr35sqteWDDwl\/\/U+0jDQv2BLfqnSfHm6WPyB5\/eYsrt"},{"name":"VNairlines","trangthai":"1","time1":"10:55 ","Origin":"HAN","time2":"12:55 ","Destination":"SGN","type_journey":"Economy Standard  ","cost":"2250000","codes_flight":"VN 7237","crypt":"VNA#vkunX7+3pLwq5qN3yJnmekMCoRmNscLmjp45UW9xHD5ljHagr18bl2cAOsmmjgmcZvN7FS1Rm25cEX+1NczXenaVVdr1pn0Q0i\/BrVsvQCLBbVjO+atVUZWS4fVR0p5o"},{"name":"VNairlines","trangthai":"1","time1":"10:55 ","Origin":"HAN","time2":"12:55 ","Destination":"SGN","type_journey":"Economy Save  ","cost":"2000000","codes_flight":"VN 7237","crypt":"VNA#71KSCtPBq70DkZw1fRBICDOkiypcACK7TFNhp7WQujblQRAZMPExvGJkC+ox2idS7\/aI8iIAkbToIZ0CfGXmYZBC+dCSbmimJWJGcGBzohf+zR\/QGFA2pq3vFt2+UOLU"},{"name":"VNairlines","trangthai":"1","time1":"12:20 ","Origin":"HAN","time2":"14:20 ","Destination":"SGN","type_journey":"Business Flex","cost":"4600000","codes_flight":"VN 239","crypt":"VNA#12OjeBevCbN5F1veeYBvmOxRtlz3YnIMPh1a+Bq+87IrYvTY17EjgqwMBn7sERWSqbYPiL8qFOBksjbJ\/r3uem4ZESUWtZIAvIW0zP8hd\/\/VqmfimgE8ZtLhweAbbEyz"},{"name":"VNairlines","trangthai":"1","time1":"12:20 ","Origin":"HAN","time2":"14:20 ","Destination":"SGN","type_journey":"Business Standard","cost":"4000000","codes_flight":"VN 239","crypt":"VNA#jI5vZ1K3FEElfEa9xeVRnWJgRrsgjdQvFnrU1Mr5IvZ90lel0L5s7YebQpUGrxgndSV60mQJig4w4YQ3XotQJHINVM0hcRHU6PhPTxdBrnsWbw8hnkyO16he43vnrDAZ"},{"name":"VNairlines","trangthai":"1","time1":"12:20 ","Origin":"HAN","time2":"14:20 ","Destination":"SGN","type_journey":"Economy Flex  ","cost":"2670000","codes_flight":"VN 239","crypt":"VNA#6zEqa2oshuTRoAt\/C0t1WImFIKo3PSaSEA2TGqwvYg8GX+98DDq22JsVrd2yyB6RGHG\/j2VZW2Mz\/nGP128fwD1eM+NcGaFql8GS5wfesMMpsWAHHGF5vxk\/9Hr+VTd2"},{"name":"VNairlines","trangthai":"1","time1":"12:20 ","Origin":"HAN","time2":"14:20 ","Destination":"SGN","type_journey":"Economy Standard  ","cost":"2250000","codes_flight":"VN 239","crypt":"VNA#cH+L36b7HSsjQ6BOcnZySjHH7pOYYNSXKVmbpcVxGqjjMGJh+IVttTitKHfZyOBHjjFYL2vH\/ABOB02bS6qdc+yDmGZgrPbHpZuSxwybeXVWYvq+4es14H2VH\/tuOxEV"},{"name":"VNairlines","trangthai":"1","time1":"12:20 ","Origin":"HAN","time2":"14:20 ","Destination":"SGN","type_journey":"Economy Save  ","cost":"1800000","codes_flight":"VN 239","crypt":"VNA#rPhFj5sghiuE2uTlPHcwjYsBfdPhMXkvUv77kvqm2vqIWX\/xfZiX8wRhM4Ofgyt1EIwG7j0mPyU0xVpqZeTbobAlW8n5O25JISl6x\/174duJdpv+X9V+QXQPOiCojcdW"},{"name":"VNairlines","trangthai":"1","time1":"13:10 ","Origin":"HAN","time2":"15:10 ","Destination":"SGN","type_journey":"Business Flex","cost":"4600000","codes_flight":"VN 235","crypt":"VNA#Db70vRHnJl8GsI31eSeSvCO4nkXYwKV7u\/OsGO6shof9\/o+6OKMcG8J76W0vYZldfvLx+d6mUjYRJUv+mdo0AENiReINoMXrKwIx4CNsFguepUKFjkz1MdvTCAnpcsEC"},{"name":"VNairlines","trangthai":"1","time1":"13:10 ","Origin":"HAN","time2":"15:10 ","Destination":"SGN","type_journey":"Business Standard","cost":"4000000","codes_flight":"VN 235","crypt":"VNA#i9m2nmCWvitjyf8xRXNQ4syQsZDoq7nHPhdRjn4+LDzp\/m5UTSetd7mByd2jo\/gC+Ug35KouGm1YW4DHnYGHG6tDBU6EF\/MJ934rZUmpbOWBrb7N4yyb2TGzEvJbP2\/c"},{"name":"VNairlines","trangthai":"1","time1":"13:10 ","Origin":"HAN","time2":"15:10 ","Destination":"SGN","type_journey":"Economy Flex  ","cost":"2670000","codes_flight":"VN 235","crypt":"VNA#+XF+4VatPh3m+n8SbjBF4A\/PoDHFrlzLRwlzDe9L8H39vIaQQLZLa2LVS2OjM9weLztFJpTP0nlR+Rs1x46I1+o3anvs5y2JdaDpGvOFt4887f\/rxovERlzhdfYtoLpb"},{"name":"VNairlines","trangthai":"1","time1":"13:10 ","Origin":"HAN","time2":"15:10 ","Destination":"SGN","type_journey":"Economy Standard  ","cost":"2250000","codes_flight":"VN 235","crypt":"VNA#6JbMrZtxvJRcQF8UlLSeYVSqlk112+2oTPL71qHYRasOYImJ8p6PIMHlMJs1aDUaZ4KP2tudZeANWFg7YZL1CTsY+X+sVm+qGJJNLmZPXc1qrpCk5Bo7M3nJVzK3Bwph"},{"name":"VNairlines","trangthai":"1","time1":"13:10 ","Origin":"HAN","time2":"15:10 ","Destination":"SGN","type_journey":"Economy Save  ","cost":"1800000","codes_flight":"VN 235","crypt":"VNA#hi8er9owon3vrgmgJWo0c4u\/Ah\/cVVX5\/uIdFMJ4TW9KWsmwDIhpiDPl3cMKy6\/XgbvVK7NhEtIFxYVGkRraXlUsB2VS6mZR2mNdUI9\/Uk8qJJh\/IzIhjNFwzquWVyTs"},{"name":"VNairlines","trangthai":"1","time1":"13:20 ","Origin":"HAN","time2":"15:20 ","Destination":"SGN","type_journey":"Business Flex","cost":"4600000","codes_flight":"VN 249","crypt":"VNA#lJ7qhkU8gNBfXGKQmEOm8XjBycLSZJ10+Eh1Cl4vMbO135OSB8QUOysdj5D+jWakmA\/awt5XrVF1lnk9YAV56OH6W+MNbC0Hd9g8bwMC+l5r8QG+aPK+PX6Vo7lEwpjV"},{"name":"VNairlines","trangthai":"1","time1":"13:20 ","Origin":"HAN","time2":"15:20 ","Destination":"SGN","type_journey":"Business Standard","cost":"4000000","codes_flight":"VN 249","crypt":"VNA#e5njmgC7xos1L8zNdIaq3CdL2RcKQVSwK6poEOxsrTTjbE1Xgv+P2ZImVb6YbT89muZbAv19xU5bWYIJfdGVDuWwvl\/MBViN7VJwNIqZmvileIf4OI1d5QmkbuOUPlzX"},{"name":"VNairlines","trangthai":"1","time1":"13:20 ","Origin":"HAN","time2":"15:20 ","Destination":"SGN","type_journey":"Economy Flex  ","cost":"2670000","codes_flight":"VN 249","crypt":"VNA#v7jkvUzmSByHi5r0nQjrL0IQMN0SD\/t29azuO9jONCtDvO0X1cddUVRYVBR8MgKe7JNV\/rOo3zFnqM8P3scHpy2CxJxM9AK8+XYOtfjhq+B1EE+oJkeL0leFZFUyeMsv"},{"name":"VNairlines","trangthai":"1","time1":"13:20 ","Origin":"HAN","time2":"15:20 ","Destination":"SGN","type_journey":"Economy Standard  ","cost":"2250000","codes_flight":"VN 249","crypt":"VNA#3vK4jdOdS\/ToVbWwNn4UZbvQq3TyRattRpnULnr3WCqFAU2z30\/gdJkbjF0TYcwPFd0Z59Th51crEnVSAEvWE12IXydq2wr3BLXJFziEW+mqeutGijxozXJe6geF5Ka5"},{"name":"VNairlines","trangthai":"1","time1":"14:30 ","Origin":"HAN","time2":"16:30 ","Destination":"SGN","type_journey":"Business Flex","cost":"4600000","codes_flight":"VN 253","crypt":"VNA#+xz9PX6NCZNpOSJAzHhTWvbCINoTeef3WUv5NwP6xMWi5+7MT6TF5raA9cX8LxJDNsKfgXfJeL50jEL3dox17+YNbkJbygkZEdYH5x4bT6JHzjGGE72C3AkmVqrU4qe7"},{"name":"VNairlines","trangthai":"1","time1":"14:30 ","Origin":"HAN","time2":"16:30 ","Destination":"SGN","type_journey":"Business Standard","cost":"4000000","codes_flight":"VN 253","crypt":"VNA#FX4rFx1XBNa8kZREWd\/xzDb\/Fl3UfcMzYOrsPQ+aNZZVqcTs0EXMAfY8khS8X6Rr2zx\/elZTLuKbdjMTxV6ddQba+QWVHzEPaCWR6py40aj\/vrC4IcUJY6Bz3L4QsSuC"},{"name":"VNairlines","trangthai":"1","time1":"14:30 ","Origin":"HAN","time2":"16:30 ","Destination":"SGN","type_journey":"Economy Flex  ","cost":"2670000","codes_flight":"VN 253","crypt":"VNA#v1eUpCEqK2SfwIllLznR8FAQZZ48\/i3wKw\/bncji4FJ3OF8ztJ4BDdeoz0a+vk5we4qYysLmpzL\/vrMbK8Q\/wkpW16jFdTNoTq96trC8qWzAB066kratjWyItoLqhGyj"},{"name":"VNairlines","trangthai":"1","time1":"14:30 ","Origin":"HAN","time2":"16:30 ","Destination":"SGN","type_journey":"Economy Standard  ","cost":"2250000","codes_flight":"VN 253","crypt":"VNA#8KL+Y7xXS8vJ7YEzCQXgCO455Qyzc6OdkexYf+ohzNrVA27x+oaR6ECtjtTBa3xwUgeYnVLGhsfu5RvbPhiJE7DJlQSw63+hWtjPlcDq3vxnAkMZj4YcpPnN39K09NJC"},{"name":"VNairlines","trangthai":"1","time1":"14:30 ","Origin":"HAN","time2":"16:30 ","Destination":"SGN","type_journey":"Economy Save  ","cost":"2000000","codes_flight":"VN 253","crypt":"VNA#By6fLEP\/K6sNWTQCKiYkuKYOE75Y6xIl7BHOrGjxJ48xjRQpDiV2FwoKn7I9K9QBm5LyicewJDvHYzVQR1LDRNsHzyXcB1QlZMrc\/f6QZmysLpHzvGfj+2h\/+nnNnRqU"},{"name":"VNairlines","trangthai":"1","time1":"15:30 ","Origin":"HAN","time2":"17:30 ","Destination":"SGN","type_journey":"Business Flex","cost":"4600000","codes_flight":"VN 259","crypt":"VNA#NBcY7nqWTVmo+rS20U4rVUu9ct0G8XrjInLCZ57RhQ7u1N9ikGoU0EslRqLwo4s3A1c21w4Ck5Yoz4kGTS2vdmyuBH4cGmctkSjmRZE26XR9+vMoMK04Clx1P9sUMuNa"},{"name":"VNairlines","trangthai":"1","time1":"15:30 ","Origin":"HAN","time2":"17:30 ","Destination":"SGN","type_journey":"Business Standard","cost":"4000000","codes_flight":"VN 259","crypt":"VNA#6HD2S7sxFQF2avW5lPJwJm7q5r5yFwCzI\/d3tOmXPHnFnNTkbS73ceLqEZSq1kwiaxMhzc4\/vU3aSkD8I3ZPDZqJMdG8WsTW5PYvE9cJsnqpSQcP3iQeWEG1C2\/XvaS6"},{"name":"VNairlines","trangthai":"1","time1":"15:30 ","Origin":"HAN","time2":"17:30 ","Destination":"SGN","type_journey":"Economy Flex  ","cost":"2670000","codes_flight":"VN 259","crypt":"VNA#54p\/1q3I\/DdsyX0qeq9Qu8MdIQv66YNHeUjrgvA0tT\/rzo0EDC1ss1RX9wh0HySLcOFbqLXs0nijXNUuQMjKpKfI5Cg8AW4hh0O8IF+htXZPZYxDcbuyWXxtDiEMOQMh"},{"name":"VNairlines","trangthai":"1","time1":"15:30 ","Origin":"HAN","time2":"17:30 ","Destination":"SGN","type_journey":"Economy Standard  ","cost":"2250000","codes_flight":"VN 259","crypt":"VNA#pp9FuF8B2VjjGMUDq\/FCuRxbBnV7t7YuRZyX97yE1eGSw+DNPz9CYWa51acVA9jLvUQ1mrqpykzsin01BUIGn9rkdCwLRW4duAvYEML7bHwp1cJC35ju2\/PbGsfCnykP"},{"name":"VNairlines","trangthai":"1","time1":"15:30 ","Origin":"HAN","time2":"17:30 ","Destination":"SGN","type_journey":"Economy Save  ","cost":"1800000","codes_flight":"VN 259","crypt":"VNA#AWjsoOvf3n0Qdc7480wZBq6xucES3PFWtuJPj8G6+Ex19X3OHA+CacYo7LEvY01F8I72zn4gdRVj2unRjztWCF+sg8kK5FCnp0GHtmxKac2CY9GjWt3MxJkP1vXx6Vgs"},{"name":"VNairlines","trangthai":"1","time1":"15:45 ","Origin":"HAN","time2":"17:45 ","Destination":"SGN","type_journey":"Business Flex","cost":"4600000","codes_flight":"VN 7257","crypt":"VNA#WML2f7Lk\/udtNXuUVvHwxXq1g8Io9j2baeylNtsj0Xe2vjKXyhEfnVxsJVt6pxC0QrWc27dZ2bH85dPQ7jja\/zSQLY2FvBxtSffYTPU0j8FtQt4tWj6izReZCGDrksuL"},{"name":"VNairlines","trangthai":"1","time1":"15:45 ","Origin":"HAN","time2":"17:45 ","Destination":"SGN","type_journey":"Business Standard","cost":"4000000","codes_flight":"VN 7257","crypt":"VNA#gZYiLi5ewt406EHI3S3qq+THuz+xFkBTprn+Q1qdRAVEI26QOALRX8\/1+W0xRuSZjcyAZ46psTMAY6HKAPCI3z2weU5L+uBPqd\/lb4w96NWeax7FhZsIM4mbEoIFIpIL"},{"name":"VNairlines","trangthai":"1","time1":"15:45 ","Origin":"HAN","time2":"17:45 ","Destination":"SGN","type_journey":"Economy Flex  ","cost":"2670000","codes_flight":"VN 7257","crypt":"VNA#b+Ps460xoiqQOu9giUeE3bFuvzv7ciCPDRjQNAklqn\/tSgxRGWdnI9xibOmrHIoLm1BklYxPSc9bMA\/WgK6ppZAACEa9ju8RYTyILBzoV8qor9XNsF9MWAY3to+nKz6o"},{"name":"VNairlines","trangthai":"1","time1":"15:45 ","Origin":"HAN","time2":"17:45 ","Destination":"SGN","type_journey":"Economy Standard  ","cost":"2250000","codes_flight":"VN 7257","crypt":"VNA#xCcZQpraG11\/hU8PahLwMzWLmFL9pWO5pLFfNxD3TgvmopTaaUYtGxD5JzTWA7Ubzm9YbhhqrH1Bq24kgGIN0do\/fL3X84+NMPOldI6\/DBktLmYa0F\/aaibgbgtPZBPj"},{"name":"VNairlines","trangthai":"1","time1":"15:45 ","Origin":"HAN","time2":"17:45 ","Destination":"SGN","type_journey":"Economy Save  ","cost":"1800000","codes_flight":"VN 7257","crypt":"VNA#Dpa+yhun6k2uWFk3j26bRihj6dJCIBfMoY+2+h1oEuPSr+HMXjYiuSOaGz9Np7mL6aLT3z9ZR69hjn81NJ9pb1ea\/FiDsDZ8btjiieiRZxmduDWbSeXY9t65UTbOHyWr"},{"name":"VNairlines","trangthai":"1","time1":"16:55 ","Origin":"HAN","time2":"18:55 ","Destination":"SGN","type_journey":"Business Flex","cost":"4600000","codes_flight":"VN 257","crypt":"VNA#Th61JmPcYppTAiXqirKtamu4l+ubU\/HQ7GwAuAeq5FRp1nWLTZ2imcm+9xnMy6ViDw1ysf1I3cQqeWEXGwOUdgL\/VwhoC4wOchFCeUfv+vg7W7AZOYd3h6evYUQ7YtwM"},{"name":"VNairlines","trangthai":"1","time1":"16:55 ","Origin":"HAN","time2":"18:55 ","Destination":"SGN","type_journey":"Business Standard","cost":"4000000","codes_flight":"VN 257","crypt":"VNA#MjjvdbwUJEIpuQdzdcELlOaFyTuVOF\/9SJ18qc5k3Uy+Bn8NFmyT54TwkLLqTp\/m\/W2LcExq8sF3mtvgyUuCLsOOlnPK6PTmy4tdkJGGyVFudEbEikxTrrI90o\/9ylPp"},{"name":"VNairlines","trangthai":"1","time1":"16:55 ","Origin":"HAN","time2":"18:55 ","Destination":"SGN","type_journey":"Economy Flex  ","cost":"2670000","codes_flight":"VN 257","crypt":"VNA#oITuZUkuurmnbPnOAQroegsXaUBvA52iB\/SCC1+Ujs6Jzx0eYC3X4FBp3Fp3s43dVmaJlR5agXyjhXyPfEOyAtI6i0waVM1PPvZWCxVzvSAwid8fz+p+PW0C0RdNWVi1"},{"name":"VNairlines","trangthai":"1","time1":"16:55 ","Origin":"HAN","time2":"18:55 ","Destination":"SGN","type_journey":"Economy Standard  ","cost":"2250000","codes_flight":"VN 257","crypt":"VNA#OPzWlw556EUc\/7OEMclJL1rSkL\/DQJFrQqPPEMwyo0DV74cIIk+MqtbjGggEHegeqsqQ0oH26TEpoZS18yuZ6yndptimLN\/P7a\/HlGZPvVEftIXXSpJ+gZVKjIntD51E"},{"name":"VNairlines","trangthai":"1","time1":"16:55 ","Origin":"HAN","time2":"18:55 ","Destination":"SGN","type_journey":"Economy Save  ","cost":"1800000","codes_flight":"VN 257","crypt":"VNA#pBDqEW74i9+NeM6ly6EFDsjlcuv1CjcprJDsFo1erUvQg0McJR1nNpFcIWsiX2oIlmKlkwvPjmZRBP9yEG37RQTA7DgbZC0+sLq8NCJnce9Ku0lPiaEnLTg4mBwJmoK3"},{"name":"VNairlines","trangthai":"1","time1":"17:30 ","Origin":"HAN","time2":"19:30 ","Destination":"SGN","type_journey":"Business Flex","cost":"4600000","codes_flight":"VN 255","crypt":"VNA#KzyG\/hBzvyHj5alaquZ+7r6tZfTRCIFTBgSQCRcE2l6+q40eTfgKZo6wz2hi8oakiYU5c+ynuesQhMLBEN4aVldE94m2O+hNNtXYyjeA5zlbLarIH55I2Dn\/uKXTZnY1"},{"name":"VNairlines","trangthai":"1","time1":"17:30 ","Origin":"HAN","time2":"19:30 ","Destination":"SGN","type_journey":"Business Standard","cost":"4000000","codes_flight":"VN 255","crypt":"VNA#AhvnSlLHKxvv7\/FOI9MIYjKaTxdBc2Gct9kWbqyCFNZF+ChL\/aqk0Os1QLha\/yJUfjduUBKuKRu0ulw03zQ02rb7FxxNf20r3EU1enRpQdZMWthC1IFdsFEttgqxcrSF"},{"name":"VNairlines","trangthai":"1","time1":"17:30 ","Origin":"HAN","time2":"19:30 ","Destination":"SGN","type_journey":"Economy Flex  ","cost":"2670000","codes_flight":"VN 255","crypt":"VNA#BBJT\/Ht0k02Y7XCt3qLOKqjFndxx6SXpteKpKIyp1p5WfmKRQq8noLZmPI5E7YOETpzcrU40a2G+0a2g2m3wsijy01ABMW2lmX8G2z8LIQh33u8r9Km7RfmNj4Tuyfu4"},{"name":"VNairlines","trangthai":"1","time1":"17:30 ","Origin":"HAN","time2":"19:30 ","Destination":"SGN","type_journey":"Economy Standard  ","cost":"2250000","codes_flight":"VN 255","crypt":"VNA#6LUassRxPjjfqIM6zr8dTjjkkX3+pAgOK+z4\/RC6XMgtSS+748nmQgZBw1OZstV1I6Up5Jt0HtwsPhfWUZu8LOz4U63Ud7lTO2ragmPSSjP\/aBVxneRMsR2XC9m2P1Ru"},{"name":"VNairlines","trangthai":"1","time1":"17:30 ","Origin":"HAN","time2":"19:30 ","Destination":"SGN","type_journey":"Economy Save  ","cost":"1800000","codes_flight":"VN 255","crypt":"VNA#ZP5j0swTGflJ4SjBuW23wxbvFbB3y+KQSHZ3mO\/KkFN\/6TSbe7Wwb0+Mcvi7vH\/5+RaGQdpqZUBXUeyCQXS\/tFdFgX5\/Elxvc4D\/ivsFTUVcCL3nFXAzKGXRp9QI\/6xh"},{"name":"VNairlines","trangthai":"1","time1":"18:30 ","Origin":"HAN","time2":"20:30 ","Destination":"SGN","type_journey":"Business Flex","cost":"4600000","codes_flight":"VN 261","crypt":"VNA#YMBbkZjkCMJXlszswbhEDiFrG+e3vka5LwRpo8nVlL\/CdpGC\/t\/O0NQ1Qhgjg\/SqtNNLz0BkH\/XQYJ2fI31c8xz0IaEvrNeYexSYXHwZyYRFWEVv6yez3xJTQmkELqKT"},{"name":"VNairlines","trangthai":"1","time1":"18:30 ","Origin":"HAN","time2":"20:30 ","Destination":"SGN","type_journey":"Business Standard","cost":"4000000","codes_flight":"VN 261","crypt":"VNA#AIHYsHwN+wN44FUiXkXfMeGSt3V\/6A3xHf5U7B7+HOifR+RcZsroqIylXZsneBLbCI4y0Lno994v881qgf+no1TICgnhkBAEBL9lGmpT6y\/8GdgfH\/ajpM00r303Nl5u"},{"name":"VNairlines","trangthai":"1","time1":"18:30 ","Origin":"HAN","time2":"20:30 ","Destination":"SGN","type_journey":"Economy Flex  ","cost":"2670000","codes_flight":"VN 261","crypt":"VNA#vnBhqRXu0143ADoakebMWs7X\/smYAwvzDSzeVeu\/7kXkfZ44Q4hApcPPpg4MZbMc8NkmlAB1tV9AZlHIAEuNpS+qDIJDeA9EBIWCCDo1oD2s+XMtnXZBIqW06ZuMO1nl"},{"name":"VNairlines","trangthai":"1","time1":"18:30 ","Origin":"HAN","time2":"20:30 ","Destination":"SGN","type_journey":"Economy Standard  ","cost":"2250000","codes_flight":"VN 261","crypt":"VNA#IcKDafta0G0R6anRx\/enRCAPIGtOkAV7CMZl4NNCYRLiq9fNr58lmK2PWPbQRJMrxd8UqUpM7MtyGW0hhvLGq5dtC4\/DiR+dp0nS7e8BrI9j5Z3PFpz3VHVtSzFTWXg2"},{"name":"VNairlines","trangthai":"1","time1":"18:30 ","Origin":"HAN","time2":"20:30 ","Destination":"SGN","type_journey":"Economy Save  ","cost":"1800000","codes_flight":"VN 261","crypt":"VNA#fuGHHT4S8Ef70IiGp4Z08NVDdVSqm0KH9Kel1SUQ55FQmzNlcuzvf+BXxsDAtNT6dAl9M9OH0QjKNg7W8jslTauyxxaSlCpK8sojQkq188dpsJUIZPSHe3lPJ6Ib5q17"},{"name":"VNairlines","trangthai":"1","time1":"19:00 ","Origin":"HAN","time2":"21:00 ","Destination":"SGN","type_journey":"Business Flex","cost":"4600000","codes_flight":"VN 265","crypt":"VNA#Fj7+KjOQ7\/VVN2tqKn8bRh37kfyGSlC1gadH276Ue1cAJvsIyNi9VABSbqpPih942q5X5v04ikDbSMrJ+yJj4iT1xx46\/fKafCK3FiNhr3IY5Pc8bLgzO2H7YnV959hB"},{"name":"VNairlines","trangthai":"1","time1":"19:00 ","Origin":"HAN","time2":"21:00 ","Destination":"SGN","type_journey":"Business Standard","cost":"4000000","codes_flight":"VN 265","crypt":"VNA#pVskwgbWa\/fpERjSfLWgZRY5Aqyfm1zLN5cfQB8F9ZOk83fpyEW7e1oQoGhobVHjyrb10FscnU7BenVxAsOd6dlxGf3Nl6G6mZ\/6oq\/6qyv06EJAc70dBoU9tfRH7liz"},{"name":"VNairlines","trangthai":"1","time1":"19:00 ","Origin":"HAN","time2":"21:00 ","Destination":"SGN","type_journey":"Economy Flex  ","cost":"2670000","codes_flight":"VN 265","crypt":"VNA#dlq1sFAeAAyufPpZ1Eisa509wDJUlizD24vslDv9+Xhij5tOBGGfnpGEDf1QDjIqwpujv795iSsnHXCLJgdCeyMBugjiLmhae91GJFgkeOCSgWIyaJHxaibTUDDxIROn"},{"name":"VNairlines","trangthai":"1","time1":"19:00 ","Origin":"HAN","time2":"21:00 ","Destination":"SGN","type_journey":"Economy Standard  ","cost":"2250000","codes_flight":"VN 265","crypt":"VNA#oghR\/FuC998f2uFA+XcgpYbHjVaeEgfu+R7KD2nbyA3CwTvaDSiy26hdbKzubtHNRJREsitByVf3PG3k2uPWQeuBxBro4uRhU3KL9MgXw2Eb7GdTd9k6AyZeb9hpAk5J"},{"name":"VNairlines","trangthai":"1","time1":"19:00 ","Origin":"HAN","time2":"21:00 ","Destination":"SGN","type_journey":"Economy Save  ","cost":"1800000","codes_flight":"VN 265","crypt":"VNA#JW2wDtkQGlTdLsrPgmGBnuSgstRYLmY0ZuneT3v0wh7LS812hbwacJCX3JleMXMvTCFv3ZG8K+hF7ybRqqjPZQBFcT7zewaFmdDMTVH6SLCehk4svh01BmYrMl275oAZ"},{"name":"VNairlines","trangthai":"1","time1":"20:05 ","Origin":"HAN","time2":"22:05 ","Destination":"SGN","type_journey":"Business Flex","cost":"4600000","codes_flight":"VN 271","crypt":"VNA#dsv6LEhg+VlanLsbsz6M\/DPuGBMlmjEf8UDIYIHgVL2jB48r7XpgUe7ZoSoHpnVDaIefYgfTH8oK5lH4wCkjEMJUepVBn9L\/ScZwtpcLyzqVmMEsKnNuw2sXXks1Zcdr"},{"name":"VNairlines","trangthai":"1","time1":"20:05 ","Origin":"HAN","time2":"22:05 ","Destination":"SGN","type_journey":"Business Standard","cost":"4000000","codes_flight":"VN 271","crypt":"VNA#dqxz5LAW9TH9LJL4Y9el7rKaA\/yTHFUNi1+nk1vc9+8juiH4dvR19UCYbRKgoPTDVmqD6Kwjr\/tJP1jx+mMrMGVUmtDC2RVKS1peSikoesnLeaIwlt85E5Xk78e5hBfG"},{"name":"VNairlines","trangthai":"1","time1":"20:05 ","Origin":"HAN","time2":"22:05 ","Destination":"SGN","type_journey":"Economy Flex  ","cost":"2670000","codes_flight":"VN 271","crypt":"VNA#Su3tNEKQ0Pwn1NlUI03fZl6T9eCzR9gOziaePdXfg0+D17\/B5F0TGzNcl4Pm1l5ehNPWtK0EGFUDCsfG8xoydKm4aA8qQneQ5X6riQpiEW0AGGId6wTGvMpeZq8DZpz5"},{"name":"VNairlines","trangthai":"1","time1":"20:05 ","Origin":"HAN","time2":"22:05 ","Destination":"SGN","type_journey":"Economy Standard  ","cost":"2250000","codes_flight":"VN 271","crypt":"VNA#viylDubuYh1WJnZOoDPD+Wqhf11+lznIezRJf\/ioLbGpsAJERqumslr1lDU\/jYjfzYY7sCL1bnmzQNH\/2MxL7zXyeRuvhLhcuofQfX81fn4Hz9ag\/zdvhPdEIwkQBZhG"},{"name":"VNairlines","trangthai":"1","time1":"20:05 ","Origin":"HAN","time2":"22:05 ","Destination":"SGN","type_journey":"Economy Save  ","cost":"2000000","codes_flight":"VN 271","crypt":"VNA#Sjnx7DscrCdo8WvxUne0TuXI\/YCUGthU4+mxBjnil6yRO1kTzrPL914GBUOUJ2TVcN+7WxQkQus1FAJ7Bj9cuoqcEjgCVjncX9nICnGHACQ7f2Gkib6RNqiu\/UyvfTlv"},{"name":"VNairlines","trangthai":"1","time1":"21:30 ","Origin":"HAN","time2":"23:30 ","Destination":"SGN","type_journey":"Business Flex","cost":"4600000","codes_flight":"VN 277","crypt":"VNA#jxMKKRwQ5QWoJ9JWkajVCMTDgq6tGFIsRkYOyElfbV8xKUa1IsPyzUzZ5cpdMK8lGalloMPhFe5\/ECpcc9XzE4PVsd8kt9JtbBvndQdLUorHqaDbsR3muxaL83KDyrPM"},{"name":"VNairlines","trangthai":"1","time1":"21:30 ","Origin":"HAN","time2":"23:30 ","Destination":"SGN","type_journey":"Business Standard","cost":"4000000","codes_flight":"VN 277","crypt":"VNA#aZRJ9KZAVKvqNiX95Mym3ijOhEBQ9StOMQJp27RpbW0MOuc8kTDF6yQx6\/6efBkie\/ihuHdHgAy\/8ugx6Jk9j29JVIE4V0MryCIvJSNK\/joFFYFNZcCGZdmRmaTVc5sz"},{"name":"VNairlines","trangthai":"1","time1":"21:30 ","Origin":"HAN","time2":"23:30 ","Destination":"SGN","type_journey":"Economy Flex  ","cost":"2670000","codes_flight":"VN 277","crypt":"VNA#Lih8wUhgPyczkxL9kul2BzvFJohbxlsektJjx+BL5mWBZl9EkY\/Ec59NfUNb+CvXII2Uowu6bOu+fMln6ldvsoDZpNLmitStWlXLPpJXVUGpqavApQoZQNAOTmdbr8XR"},{"name":"VNairlines","trangthai":"1","time1":"21:30 ","Origin":"HAN","time2":"23:30 ","Destination":"SGN","type_journey":"Economy Standard  ","cost":"2250000","codes_flight":"VN 277","crypt":"VNA#TLo5Ij6aF1b7Y0ai+L2KjKbpkeXuMJrwf7Rso5FRTsMUbQl0XcNJSqFgHkdIXP19m0uKziNF5eZhKxLGQY66zE+TidAoahFANfKrnbiozVgFJp8FAnx8bGjvnnxeZSXg"},{"name":"VNairlines","trangthai":"1","time1":"21:30 ","Origin":"HAN","time2":"23:30 ","Destination":"SGN","type_journey":"Economy Save  ","cost":"1550000","codes_flight":"VN 277","crypt":"VNA#5UGKFIkGX61aveajV5R54UROuB+w4qQhvlbJ3Fm55\/hfcbDF0HObnFLtsOlXyZdFUrBXL8cKL3+aGdrN5aKGXsdsF4+RhActcsZmf77pr5EBrDVyIOB0+nIHsauVaX98"},{"name":"VNairlines","trangthai":"1","time1":"21:30 ","Origin":"HAN","time2":"23:30 ","Destination":"SGN","type_journey":"Business Flex","cost":"4600000","codes_flight":"VN 273","crypt":"VNA#ltLIn6dPesdNULKBWY9NwtdSI3Fr+2NgY34hOrzup4PXhAMv8pX1kEJ5Y8kSQBOCQetQuQX4UIGvgHaxweocPBEbXeB9WHygj2h8ChDO\/4I+sDAOUCp3W3w51E23niaZ"},{"name":"VNairlines","trangthai":"1","time1":"21:30 ","Origin":"HAN","time2":"23:30 ","Destination":"SGN","type_journey":"Business Standard","cost":"4000000","codes_flight":"VN 273","crypt":"VNA#mh5Z70+XxKz94daC5VnUNaC1PsBVN87RaTU1tCTzC6ZcCXgvfAcGvwqp8lL1HJEHKBU9J1hmj\/j3wYgwX5wBFgbcHA2om6EXstklU5CbpsLxBQVcQ+c244W7NqQjMa3z"},{"name":"VNairlines","trangthai":"1","time1":"21:30 ","Origin":"HAN","time2":"23:30 ","Destination":"SGN","type_journey":"Economy Flex  ","cost":"2670000","codes_flight":"VN 273","crypt":"VNA#bJ2ZdFSthEhObrhK0Pqo0UF15eHP6YxJy029zr980JMP1zgJBnuqpIdIH1QQaAMtPuP4OiojZnCXOKAxQ0iPW0So5PmyRB7VT6GiwADSBk3ubI2jLZc\/reHapIBRP5kH"},{"name":"VNairlines","trangthai":"1","time1":"21:30 ","Origin":"HAN","time2":"23:30 ","Destination":"SGN","type_journey":"Economy Standard  ","cost":"2250000","codes_flight":"VN 273","crypt":"VNA#SoHBtUweOxqhuzsOWOkI1Jqq\/36jRKJzRZvlfWqiuugu+xroGM0w2RAw1TaGevYbdBpoSZdGNmBK6HAVQzmNODga6TkXl7jEE8URsT6c12Te03hN\/xqI3QelviLASvPm"},{"name":"VNairlines","trangthai":"1","time1":"21:30 ","Origin":"HAN","time2":"23:30 ","Destination":"SGN","type_journey":"Economy Save  ","cost":"1550000","codes_flight":"VN 273","crypt":"VNA#5\/Tj7TCB2ZvPDXH6kaanNsWqK1nliKVM94Ftd+VUOLsma5wM50xN61UMJGsWSMlgQELZXAhaHppGDWHRQaSblgH3NDwj8YTSpCl1NOambVAXaTqBWxgxvb+je69nsSeG"},{"name":"VNairlines","trangthai":"1","time1":"21:55 ","Origin":"HAN","time2":"23:55 ","Destination":"SGN","type_journey":"Business Flex","cost":"4600000","codes_flight":"VN 279","crypt":"VNA#J98ueASlOCdLulw9CvanyAyziqVLKiYQvPl4WdOspoJWrDiT5dxTYZScwedawwQNJLQyEjqfq88awHkF5ikTw4KxhgqDVvMUu\/\/95zAvdJMzyfXFTJnh23rDnYyBKQOP"},{"name":"VNairlines","trangthai":"1","time1":"21:55 ","Origin":"HAN","time2":"23:55 ","Destination":"SGN","type_journey":"Economy Flex  ","cost":"2670000","codes_flight":"VN 279","crypt":"VNA#02hhOQ0tWqBKtjgW3pbX5fkDvTP1gVjLXi76t0ZP529at3bdJ\/6U6QbiEbZSglUzxyrQ3+WwdOFNIQ+68MZLsG+hJmWxTu2cJeA2Phq36RwWE38pkCTDOsNr6UXnMYmG"},{"name":"VNairlines","trangthai":"1","time1":"21:55 ","Origin":"HAN","time2":"23:55 ","Destination":"SGN","type_journey":"Economy Standard  ","cost":"2250000","codes_flight":"VN 279","crypt":"VNA#uom0yWW1fwJ11V\/M7uFApeya\/9ZhFIkwToKns6YXE6PyG6sUH1PAkv8g686Hn+sdzLOhblWtrtvUdn5G2BB6ddrNCeyFMdNXnHW6HdZb3eQnY+OV7JYWRD+2X2W2H62l"},{"name":"VNairlines","trangthai":"1","time1":"21:55 ","Origin":"HAN","time2":"23:55 ","Destination":"SGN","type_journey":"Economy Save  ","cost":"1550000","codes_flight":"VN 279","crypt":"VNA#6TC4OL1DEeGBm6rGnPjbl6BO9Rb6X77uUdsAjSnQRYhhorw63GaFN+jjZHMQ9N6ebELW44Q9YBDJgwy7wfnEjj2yiekT9RMZdzZVtfmgzyYZUrhqh5h+MK\/AVzSumL6W"}]